day,actual_rentals,predicted_rentals,hourly_mae
2012-09-12,4757.0,4540.585703473578,40.26328133615475
2012-09-13,7804.0,7468.216996390692,18.59113348649487
2012-09-14,8009.0,7694.241043817626,28.024521889249
2012-09-15,8714.0,7970.827382230737,42.317045537899965
2012-09-16,7333.0,7136.965210206122,33.023794978167146
2012-09-17,6869.0,7094.02067312766,26.72589550112269
2012-09-18,4073.0,5021.17404963261,44.98007260645196
2012-09-19,7591.0,7113.090410107541,31.598606122329063
2012-09-20,7720.0,7739.533513093366,31.466321365644685
2012-09-21,8167.0,7757.228897583307,29.479771553183166
2012-09-22,8395.0,7677.959690972714,40.18102392437101
2012-09-23,7907.0,7255.648133930363,43.36250496398487
2012-09-24,7436.0,7332.5621609144455,32.63585009971368
2012-09-25,7538.0,7201.462927815267,34.955936451757836
2012-09-26,7733.0,7699.3289182048175,29.0962010426547
2012-09-27,7393.0,7506.291108570824,32.83165597781544
2012-09-28,7415.0,7438.551966774684,25.51605949311343
2012-09-29,8555.0,7761.807450276994,43.83430647362656
2012-09-30,6889.0,6786.111705114802,31.23669529536076
2012-10-01,6778.0,6853.748849587111,45.23983742259667
2012-10-02,4639.0,5629.560637861472,55.73278775808842
2012-10-03,7572.0,6978.004576822344,43.55734110620796
2012-10-04,7328.0,7339.222585576807,25.847855071829006
2012-10-05,8156.0,7651.580576706667,40.52976183736317
2012-10-06,7965.0,7422.7993269873405,35.209477826422834
2012-10-07,3510.0,4221.250663828916,44.76371625402522
2012-10-08,5478.0,5695.00902818155,36.76833836250685
2012-10-09,6392.0,6173.949575268501,35.37035054631246
2012-10-10,7691.0,7428.851610925925,34.07012818777712
2012-10-11,7570.0,7555.103058964862,40.12586360887363
2012-10-12,7282.0,7467.864668300785,26.079913436039423
2012-10-13,7109.0,7089.077029272025,39.05344670479432
2012-10-14,6639.0,6414.077016667888,22.166688559578464
2012-10-15,5875.0,5599.6476364618975,55.808491365913
2012-10-16,7534.0,7043.309590857989,42.71031648861261
2012-10-17,7461.0,7601.2839954980245,26.28669318659821
2012-10-18,7509.0,7650.17118534158,27.91891878442077
2012-10-19,5424.0,6113.869944170297,55.020123594952146
2012-10-20,8090.0,7613.241256061201,52.35115840181414
2012-10-21,6824.0,6731.4227424715655,27.593365975610023
2012-10-22,7058.0,6483.226653563534,43.468143813796836
2012-10-23,7466.0,7356.913493100511,29.670415620741178
2012-10-24,7693.0,7500.755592058686,19.449525927044967
2012-10-25,7359.0,7465.97669477194,19.4996731776708
2012-10-26,7444.0,7085.755891324222,36.76402891895169
2012-10-27,7852.0,7319.935556983147,40.71422370592224
2012-10-28,4459.0,5326.490194451501,44.018831652413525
2012-10-29,22.0,16.28952605549812,5.7104739445018815
2012-10-31,3534.0,3692.88915924817,25.253121945864816
2012-11-01,5986.0,6105.376991482374,16.591330498579396
2012-11-02,5847.0,6082.099496103572,21.13476191186167
2012-11-03,5138.0,5673.39833562095,26.632931000337138
2012-11-04,5107.0,5154.97681309383,28.830443738812487
2012-11-05,23.0,21.30566523693256,1.6943347630674417
2012-11-06,3424.0,3215.2727731536365,43.20702287107506
2012-11-07,5035.0,5493.849552493981,38.88062903740283
2012-11-08,5315.0,5567.593486984838,25.39649279491519
2012-11-09,5983.0,5768.017821524461,16.688016804288914
2012-11-10,6536.0,6275.111847344996,33.99267391260224
2012-11-11,6852.0,6701.14726103313,29.92147363292958
2012-11-12,6269.0,6654.3521316076185,44.31180818164188
2012-11-13,4094.0,4601.74362368491,29.828587260900168
2012-11-14,5495.0,5440.530622207444,28.306746253390628
2012-11-15,5443.0,5468.486946108211,13.429720077043145
2012-11-16,5698.0,5725.636525905757,14.73924571846579
2012-11-17,5629.0,5822.25692874468,21.352640935281368
2012-11-18,4669.0,5217.314223603038,31.1427051275796
2012-11-19,5499.0,5277.209123059921,29.88586863322904
2012-11-20,5634.0,5469.084157771898,21.12951159521145
2012-11-21,5146.0,5368.636136317894,37.35513621440442
2012-11-22,2425.0,3100.1803972548673,38.826015464133356
2012-11-23,3910.0,4096.661585091638,39.89204018970704
2012-11-24,2277.0,2509.769527414139,20.922667937304034
2012-11-25,2424.0,2583.5992480700147,15.578442282950876
2012-11-26,5087.0,5083.729209016996,16.43241412990292
2012-11-27,3959.0,4266.396732683695,21.067239471815494
2012-11-28,5260.0,4966.903087998427,25.390404918243604
2012-11-29,5323.0,5193.741760897379,22.376519924850278
2012-11-30,5664.0,5289.782750451196,29.91904068692089
2012-12-01,5191.0,4973.128004562068,23.686477699793485
2012-12-02,4649.0,4774.4722428083605,30.27448881214546
2012-12-03,6234.0,5700.567734021623,35.04292858852316
2012-12-04,6606.0,6208.063243414191,27.790292184141094
2012-12-05,5729.0,5857.728095535432,24.661698661596223
2012-12-06,5373.0,5467.351774259501,20.368635051338178
2012-12-07,5008.0,5142.618135601134,13.677688180631828
2012-12-08,5582.0,5457.518683306989,26.073697311968754
2012-12-09,3228.0,3614.63062647635,20.374053679870737
2012-12-10,5170.0,5384.607863835171,18.375781407697257
2012-12-11,5501.0,5788.914117142042,28.911000614163637
2012-12-12,5319.0,5494.777941712647,14.720415525914584
2012-12-13,5532.0,5423.469108831408,22.42652459552815
2012-12-14,5611.0,5420.955857082482,21.904214209888874
2012-12-15,5047.0,4975.642126134044,17.352519392848176
2012-12-16,3786.0,4098.290119569697,30.784919903525118
2012-12-17,4585.0,4647.373770670479,29.96606093179014
2012-12-18,5557.0,5363.377920134479,15.224359330289554
2012-12-19,5267.0,5341.205442317152,14.964040517715603
2012-12-20,4128.0,4776.762890860018,31.840776653327442
2012-12-21,3623.0,4077.893847819035,29.948752093966863
2012-12-22,1749.0,2057.4033024075425,17.055627876125687
2012-12-23,1787.0,1974.6239302220392,15.671772693621483
2012-12-24,920.0,1110.1987938998088,13.053338505084625
2012-12-25,1012.0,1310.1910280837744,22.562421182716
2012-12-26,439.0,572.3075101311495,11.708385177436297
2012-12-27,2114.0,2322.2630655894213,12.301423707439257
2012-12-28,3095.0,3079.552973403328,16.254710559958497
2012-12-29,1341.0,1510.5380746094386,13.220785146596015
2012-12-30,1796.0,1730.4459321727984,10.124699135358165
2012-12-31,2726.0,2467.0392671263703,33.35989164657626
